document_id,field_name,observed_value,source_type,source_location,extraction_method,review_status
doc_8b361ecbae1548b4,title,Living Lab Climate Adaptive  Flood Defences,pdf_embedded,PDF metadata/title,embedded,unreviewed
doc_8b361ecbae1548b4,author,Peeters Patrik LIN,pdf_embedded,PDF metadata/author,embedded,unreviewed
doc_8b361ecbae1548b4,pdf_creation_date,D:20231012170831+02'00',pdf_embedded,PDF metadata/creationDate,embedded,unreviewed
doc_1f92b33dfeccc1c9,author,Ahmad Reza Mir Mohammadi,pdf_embedded,PDF metadata/author,embedded,unreviewed
doc_1f92b33dfeccc1c9,pdf_creation_date,D:20231212145811+01'00',pdf_embedded,PDF metadata/creationDate,embedded,unreviewed
doc_4d0489e9657d8e45,title,"The effect of drying, cell disruption and storage on the sensory properties of Nannochloropsis sp.",pdf_embedded,PDF metadata/title,embedded,unreviewed
doc_4d0489e9657d8e45,author,Bert Coleman,pdf_embedded,PDF metadata/author,embedded,unreviewed
doc_4d0489e9657d8e45,subject,"Algal Research, 71 (2023) 103092. doi:10.1016/j.algal.2023.103092",pdf_embedded,PDF metadata/subject,embedded,unreviewed
doc_4d0489e9657d8e45,pdf_keywords,"Microalgae,Processing,Storage,High pressure homogenization,Sensory evaluation,Volatile organic compounds",pdf_embedded,PDF metadata/keywords,embedded,unreviewed
doc_4d0489e9657d8e45,pdf_creation_date,17th April 2023,pdf_embedded,PDF metadata/creationDate,embedded,unreviewed
doc_4d0489e9657d8e45,doi,10.1016/j.algal.2023.103092,pdf_text,PDF pages 1–3,regex,unreviewed
doc_4d0489e9657d8e45,online_date,5 April 2023,pdf_text,PDF pages 1–3,regex,unreviewed
